NUMERO_ISCRIZIONE_D;RAGIONE_SOCIALE;COGNOME_NOME_RESPONSABILE
D000734839;ADMIRAL FINANCIAL SERVICES ITALIA S.P.A.;CASTELLI ALESSANDRO
D000697014;ADV FINANCE SPA;PAGLIA ANGELO
D000200619;AGOS DUCATO SPA;FOI FILIPPO
D000331421;ALBA LEASING SPA;ABELLI ANGELO
D000073869;ALLIANZ BANK FINANCIAL ADVISORS SPA;RUTA MARIO
D000629284;AVVERA;ARDUINI MASSIMO
D000026940;B.C.C. DI CHERASCO SOC. COOP.;CABUTTO ALESSANDRO
D000027099;B.C.C. DI PIANFEI E ROCCA DE' BALDI;MAZZUCCHI ELENA
D000064865;B.C.C. DI SAN MARZANO DI SAN GIUSEPPE-TARANTO;LOPRETE CATALDO
D000056673;BANCA 360 CREDITO COOPERATIVO FVG - SOC. COOP.;TREVISIOL ANDREA
D000286954;BANCA ADRIA COLLI EUGANEI CREDITO COOPERATIVO;ZANGIROLAMI PAOLO
D000026988;BANCA AGRICOLA POPOLARE DI SICILIA S.C.P.A.;Giommarresi Maurizio
D000027139;BANCA ALETTI SPA;VARALDO ALESSANDRO
D000109374;BANCA ALPI MARITTIME CREDITO COOPERATIVO CARRÙ SCPA;DEDOMINICI AMEDEO
D000027001;BANCA ALTA TOSCANA CREDITO COOPERATIVO - SC;MARCONI SAMUELE
D000269888;BANCA CAMBIANO 1884 S.P.A.;MARCACCI FRANCESCO
D000027034;BANCA CASSA DI RISPARMIO DI SAVIGLIANO SPA;RASPO ALBERTO
D000113935;BANCA CENTRO CALABRIA - CREDITO COOPERATIVO - SOCIETA' COOPERATIVA;VALASTRO GIANLUCA
D000553205;BANCA CENTRO CREDITO COOPERATIVO TOSCANA - UMBRIA;CANTELLI LORENZO
D000027033;BANCA CENTRO EMILIA - CREDITO COOPERATIVO;CASELLI UGO
D000122878;BANCA CENTRO LAZIO CREDITO COOPERATIVO SOCIETA' COOPERATIVA;URBINATI LUIGI
D000080020;BANCA CENTROPADANA CREDITO COOPERATIVO;TUFANO NATALE
D000365410;BANCA CESARE PONTI SPA;RUZZIER EMANUELE
D000365410;BANCA CESARE PONTI SPA;SPOTTI SARA
D000027155;BANCA CREDIFARMA SPA;GALBIATI ANDREA
D000645094;BANCA CREDITO ATTIVO S.P.A.;COSCIA SPERANZA
D000061238;BANCA CREDITO COOPERATIVO DI TRIUGGIO;CANZI GABRIELE
D000027137;BANCA CREMASCA E MANTOVANA CREDITO COOPERATIVO SOCIETA' COOPERATIVA;FARONI COSTANTINO
D000079986;BANCA D'ALBA CREDITO COOPERATIVO SC;CURTI ELVIO
D000026933;BANCA DEI SIBILLINI - CREDITO COOPERATIVO DI CASAVECCHIA - SOCIETA' COOPERATIVA;FEFE' PATRIZIA
D000662929;BANCA DEL FUCINO S.P.A.;CAVALLI STEFANO
D000638423;BANCA DEL MEZZOGIORNO - MEDIOCREDITO CENTRALE SPA;CESARI ALESSANDRA
D000079678;BANCA DEL PICENO CREDITO COOPERATIVO SOCIETA' COOPERATIVA;MASSI TERESA
D000058742;BANCA DEL PIEMONTE SPA CON UNICO SOCIO;VANDONI SANDRO
D000027154;BANCA DEL TERRITORIO LOMBARDO CREDITO COOPERATIVO SOC. COOP.;BIGNETTI PIETRO CARLO
D000089049;BANCA DEL VALDARNO  CREDITO COOPERATIVO S.C.;FENIGLI PAOLO
D000223918;BANCA DELL'ALTA MURGIA CREDITO COOPERATIVO;LOVERO DONATO
D000187374;BANCA DELL'ELBA CREDITO COOPERATIVO;Paolini Piero
D000053970;BANCA DELLA MARCA CREDITO COOPERATIVO SOCIETA' COOPERATIVA;GALANTE LUISA 
D000675952;BANCA DELLA NUOVA TERRA S.P.A.;GIRARDI GIANLUCA
D000027150;BANCA DELLA VALSASSINA CREDITO COOPERATIVO SOCIETA' COOPERATIVA;BARUFFALDI FABIO
D000074416;BANCA DELLE TERRE VENETE CREDITO COOPERATIVO;BRESOLIN CRISTIAN
D000026936;BANCA DI ANCONA E FALCONARA MARITTIMA CREDITO COOPERATIVO S.C.;RAGNI BARBARA
D000380626;BANCA DI ANDRIA DI CREDITO COOPERATIVO;FERRARA GIUSEPPE
D000060446;BANCA DI ANGHIARI E STIA CC;SAVELLI MARCO
D000218644;BANCA DI BARI E TARANTO SOCIETA' COOPERATIVA;MAGGIO MASSIMILIANO
D000026997;BANCA DI BOLOGNA CREDITO COOPERATIVO SOCIETA' COOPERATIVA;RAIMONDI FABIO
D000027077;BANCA DI CARAGLIO DEL CUNEESE E DELLA RIVIERA DEI FIORI-CRED. COOP.-SOCIETA' COOP.;LEVICO ROBERTO
D000477298;BANCA DI CIVIDALE S.P.A.;RAFFEINER MARKUS
D000027014;BANCA DI CREDITO  COOPERATIVO DI OSTUNI;ARGENTIERI VITA
D000027140;BANCA DI CREDITO COOP GAUDIANO DI LAVELLO;ZAMBELLA GIOVANNI
D000186738;BANCA DI CREDITO COOPERATIVO ABRUZZESE-CAPPELLE SUL TAVO;FERRATI MASSIMO
D000245614;BANCA DI CREDITO COOPERATIVO AGRIGENTINO;PARRINELLO GIUSEPPE
D000088459;BANCA DI CREDITO COOPERATIVO AGROBRESCIANO SOCIETA' COOPERATIVA;NAUTI NICOLA
D000027198;BANCA DI CREDITO COOPERATIVO APPULO LUCANA - SOC. COOP.;RUBINO MASSIMO
D000521717;BANCA DI CREDITO COOPERATIVO BERGAMASCA E OROBICA S.C.;Panighetti Lodovica Daniela
D000027072;BANCA DI CREDITO COOPERATIVO BRIANZA E LAGHI SOCIETA' COOPERATIVA;MASSICCI GIUSEPPE
D000027072;BANCA DI CREDITO COOPERATIVO BRIANZA E LAGHI SOCIETA' COOPERATIVA;PAGLIUCA MAURIZIO
D000027027;BANCA DI CREDITO COOPERATIVO CAMPANIA CENTRO - CASSA RURALE ED ARTIGIANA - SOC. COOP.;DI GIORGIO FIORENTINA
D000027175;BANCA DI CREDITO COOPERATIVO DEGLI ULIVI TERRA DI BARI S.C.;LOCONTE VITO
D000533651;BANCA DI CREDITO COOPERATIVO DEI CASTELLI E DEGLI IBLEI;DELIA FILIPPO
D000027103;BANCA DI CREDITO COOPERATIVO DEI CASTELLI ROMANI E DEL TUSCOLO S.C.;MECONI MARIA CRISTINA
D000027009;BANCA DI CREDITO COOPERATIVO DEI COLLI ALBANI - SOCIETA' COOPERATIVA;BERTUCCI CARLA
D000026980;BANCA DI CREDITO COOPERATIVO DEL BASSO SEBINO S.C.;PEDRETTI CLAUDIA
D000441454;BANCA DI CREDITO COOPERATIVO DEL CIRCEO E PRIVERNATE SOC. COOP.;CUOMO GIUSEPPE
D000026932;BANCA DI CREDITO COOPERATIVO DEL METAURO;LUZI SARA
D000027219;BANCA DI CREDITO COOPERATIVO DELL' OGLIO E DEL SERIO S.C.;CHIAMETTI PAOLO
D000027219;BANCA DI CREDITO COOPERATIVO DELL' OGLIO E DEL SERIO S.C.;PREVITALI GIOVANNA
D000080048;BANCA DI CREDITO COOPERATIVO DELL'ADRIATICO TERAMANO;DI FILIPPO LUISELLA
D000027006;BANCA DI CREDITO COOPERATIVO DELLA PROVINCIA ROMANA SOCIETÀ COOPERATIVA;CANTONI FABRIZIO
D000027006;BANCA DI CREDITO COOPERATIVO DELLA PROVINCIA ROMANA SOCIETÀ COOPERATIVA;Mastroianni  Antimo
D000027006;BANCA DI CREDITO COOPERATIVO DELLA PROVINCIA ROMANA SOCIETÀ COOPERATIVA;PERO FABRIZIO
D000027075;BANCA DI CREDITO COOPERATIVO DELLA ROMAGNA OCCIDENTALE;BELLINI CLAUDIO
D000056662;BANCA DI CREDITO COOPERATIVO DELLA VALLE DEL TRIGNO SOCIETA' COOPERATIVA;TROILO ALFREDO
D000052613;BANCA DI CREDITO COOPERATIVO DELLE MADONIE - SOC. COOPERATIVA;Cannizzaro Francesco
D000027026;BANCA DI CREDITO COOPERATIVO DI  BELLEGRA S.C.;CIANI ANTONIO
D000051651;BANCA DI CREDITO COOPERATIVO DI ALBEROBELLO SAMMICHELE E MONOPOLI S.C.;PANARO ANGELA
D000062508;BANCA DI CREDITO COOPERATIVO DI ALTOFONTE;PANDOLFO STEFANO
D000070977;BANCA DI CREDITO COOPERATIVO DI ANAGNI SOCIETA' COOPERATIVA;CASALI LUCA
D000080265;BANCA DI CREDITO COOPERATIVO DI AQUARA;COMUNALE TOMMASO
D000108420;BANCA DI CREDITO COOPERATIVO DI ARBOREA - SOCIETA' COOPERATIVA;PANI PAOLA
D000027055;BANCA DI CREDITO COOPERATIVO DI AVETRANA S.C.;LIA DAVIDE
D000104053;BANCA DI CREDITO COOPERATIVO DI BARLASSINA (SOCIETA' COOPERATIVA);BARBETTA LUIGI
D000027088;BANCA DI CREDITO COOPERATIVO DI BASCIANO SOCIETA' COOPERATIVA;URBANI PASQUALE
D000026924;BANCA DI CREDITO COOPERATIVO DI BRESCIA - SOCIETA' COOPERATIVA;COTELLI ENRICO
D000027231;BANCA DI CREDITO COOPERATIVO DI BUSTO  GAROLFO E BUGUGGIATE;GENTILOMO ROBERTO
D000074889;BANCA DI CREDITO COOPERATIVO DI CAGLIARI;PILI RAFFAELE
D000060760;BANCA DI CREDITO COOPERATIVO DI CANOSA-LOCONIA;DEFAZIO GIUSEPPE
D000070754;BANCA DI CREDITO COOPERATIVO DI CAPACCIO, PAESTUM E SERINO SOCIETA' COOPERATIVA;MAROTTA DIANA
D000027101;BANCA DI CREDITO COOPERATIVO DI CASSANO DELLE MURGE E TOLVE SC;CAMPANALE ISABELLA
D000027229;BANCA DI CREDITO COOPERATIVO DI CONVERSANO;COLETTA FRANCESCO
D000026950;BANCA DI CREDITO COOPERATIVO DI FANO;DI DIO MASSIMO
D000026950;BANCA DI CREDITO COOPERATIVO DI FANO;SCARDACCHI ANDREA
D000258442;BANCA DI CREDITO COOPERATIVO DI FLUMERI;ABBONDANDOLO EMILIO
D000108789;BANCA DI CREDITO COOPERATIVO DI GAMBATESA SC;DEL ZINGARO TANIA
D000027189;BANCA DI CREDITO COOPERATIVO DI LEVERANO;D'AMANZO PIERPAOLO
D000027091;BANCA DI CREDITO COOPERATIVO DI LEZZENO;MORINI ELISABETTA
D000027158;BANCA DI CREDITO COOPERATIVO DI LOCOROTONDO;MARTELLUCCI ANDREA
D000062292;BANCA DI CREDITO COOPERATIVO DI LONGI;CASTANO CELESTE
D000027222;BANCA DI CREDITO COOPERATIVO DI MILANO;BONOMI LUCA
D000027222;BANCA DI CREDITO COOPERATIVO DI MILANO;LANCINI CARLO
D000027230;BANCA DI CREDITO COOPERATIVO DI MOZZANICA;PAGANI DIEGO
D000315600;BANCA DI CREDITO COOPERATIVO DI NAPOLI;PETROZZIELLO EMILIA
D000079107;BANCA DI CREDITO COOPERATIVO DI NETTUNO - SOCIETA COOPERATIVA;DI PIETRO STEFANO
D000026941;BANCA DI CREDITO COOPERATIVO DI OSTRA E MORRO D'ALBA;VALLASCIANI MARCO
D000026931;BANCA DI CREDITO COOPERATIVO DI OSTRA VETERE SOC.COOPERATIVA;MAZZARINI DANILO
D000138051;BANCA DI CREDITO COOPERATIVO DI PACHINO;RAGONESE DOMENICA CRISTINA
D000026937;BANCA DI CREDITO COOPERATIVO DI PERGOLA E CORINALDO - SOCIETA' COOPERATIVA;FIORANI LUCA
D000027045;BANCA DI CREDITO COOPERATIVO DI PONTASSIEVE SOCIETA' COOPERATIVA;BATI ANNALISA
D000027012;BANCA DI CREDITO COOPERATIVO DI PRATOLA PELIGNA SCARL;DE STEPHANIS CATIA MARIA
D000478397;BANCA DI CREDITO COOPERATIVO DI PUTIGNANO SOCIETA' COOPERATIVA;CATERA ARIANNA
D000026935;BANCA DI CREDITO COOPERATIVO DI RECANATI E COLMURANO;GURINI MARIA GIULIA
D000027070;BANCA DI CREDITO COOPERATIVO DI ROMA;FERRI ALESSANDRO
D000026944;BANCA DI CREDITO COOPERATIVO DI SAN MARCO DEI CAVOTI E DEL SANNIO-CALVI;PETROCCIA DONATO
D000070759;BANCA DI CREDITO COOPERATIVO DI SANTERAMO IN COLLE(BARI) SOC.COOP.;PERNIOLA VITO BRUNO
D000027036;BANCA DI CREDITO COOPERATIVO DI SARSINA SOCIETA' COOPERATIVA;BARTOLINI RITA
D000027036;BANCA DI CREDITO COOPERATIVO DI SARSINA SOCIETA' COOPERATIVA;FANTINI  ANGELO
D000186434;BANCA DI CREDITO COOPERATIVO DI SCAFATI E CETARA;DE MARTINO ALFONSO
D000027058;BANCA DI CREDITO COOPERATIVO DI SPELLO E DEL VELINO SOCIETA' COOPERATIVA;FASI CESARE
D000088875;BANCA DI CREDITO COOPERATIVO LA RISCOSSA DI REGALBUTO SOC. COOP.;LUCA GAETANO
D000027176;BANCA DI CREDITO COOPERATIVO LODI;ROTA IVO
D000070992;BANCA DI CREDITO COOPERATIVO MAGNA GRECIA - SOCIETA' COOPERATIVA;GIULIO TOMMASO TONINO
D000027136;BANCA DI CREDITO COOPERATIVO MARINA DI GINOSA;D'ERCHIA MICHELANGELO
D000026943;BANCA DI CREDITO COOPERATIVO PORDENONESE E MONSILE;CHIOZZA STEFANO
D000108701;BANCA DI CREDITO COOPERATIVO TERRA DI LAVORO - S. VINCENZO DE' PAOLI SCPA;MARTUCCI SFEFANO
D000026971;BANCA DI CREDITO COOPERATIVO VALDOSTANA SOC. COOP.;CUIGNON ANNA
D000128701;BANCA DI CREDITO COOPERATIVO VALLE DEL TORTO - SOCIETA' COOPERATIVA;CANGIALOSI ANTONELLA
D000027084;BANCA DI CREDITO COOPERATIVO VENEZIA GIULIA;FURLANUT ROBERTO
D000056243;BANCA DI CREDITO COOPERATIVO VENEZIA PADOVA E ROVIGO - BANCA ANNIA SOCIETÀ COOPERATIVA;FERRARESE GIOVANNI
D000167285;BANCA DI CREDITO COOPERATIVO VICENTINO POJANA MAGGIORE;PELLIZZARI MAURIZIO
D000080292;BANCA DI CREDITO POPOLARE SCPA;AURILIA PAOLO
D000077759;BANCA DI FILOTTRANO CREDITO COOPERATIVO DI FILOTTRANO E DI CAMERANO SOCIETA' COOPERATIVA;VALENTINI STEFANO
D000078677;BANCA DI PESARO CREDITO COOPERATIVO;BENEDETTI PAOLO
D000027047;BANCA DI PESCIA E CASCINA CREDITO COOPERATIVO - SOCIETA' COOPERATIVA S.C.;ORRU' LUCA
D000080291;BANCA DI PIACENZA - SOCIETA' COOPERATIVA PER AZIONI;STRAGLIATI MONICA
D000026948;BANCA DI RIPATRANSONE E DEL FERMANO - CREDITO COOPERATIVO - SOCIETA' COOPERATIVA;VERDECCHIA VITO
D000201452;BANCA DI SCONTO S.P.A.;COSENTINI  OSCAR
D000059545;BANCA DI UDINE CREDITO COOPERATIVO SOC. SOOP.;GEROMETTA MASSIMILIANO
D000053260;BANCA DON RIZZO - CREDITO COOPERATIVO DELLA SICILIA OCCIDENTALE - SOCIETA' COOPERATIVA;STELLINO ENRICO DOMENICO SAVIO
D000801087;BANCA FINANZIARIA INTERNAZIONALE S.P.A. BREVITER BANCA FININT S.P.A.;CALZA MASSIMILIANO
D000258444;BANCA FINNAT EURAMERICA SPA;CORSONI MAURIZIO
D000058316;BANCA GENERALI SPA;BERNARDI MARCO
D000058316;BANCA GENERALI SPA;RAGAINI ANDREA ENRICO
D000407542;BANCA IFIGEST S.P.A.;ALGIERI ENRICO
D000273257;BANCA IFIS SPA;GALBIATI ANDREA
D000027117;BANCA INVESTIS SPA;CITELLI PAOLO
D000666912;BANCA ITALIANA PER L'AMBIENTE E PER L'ENERGIA;CARDARELLI ANDREA
D000076548;BANCA LAZIO NORD CREDITO COOPERATIVO SOCIETA' COOPERATIVA PER AZIONI;ROMALDINI MARCO
D000156028;BANCA MACERATA SPA;LOCCI FRANCESCO
D000186427;BANCA MALATESTIANA - CREDITO COOPERATIVO - SOCIETA' COOPERATIVA;MAGNANI LUCA
D000027132;BANCA MEDIOLANUM SPA;FONTANA RAVA EDOARDO
D000062974;BANCA MONTE DEI PASCHI DI SIENA SPA;BIANCHINI DIMITRI
D000062974;BANCA MONTE DEI PASCHI DI SIENA SPA;TIEZZI MARCO
D000050734;BANCA MONTE PRUNO CREDITO COOPERATIVO DI FISCIANO, ROSCIGNO E DI LAURINO - SOCIETA' COOPERATIVA;GIORDANO ELISABETTA
D000115058;BANCA MONTEPAONE - CREDITO COOPERATIVO - SOCIETA' COOPERATIVA;DODARO ANTONIO
D000201446;BANCA NAZIONALE DEL LAVORO SPA;FOSCHI OLAF
D000201446;BANCA NAZIONALE DEL LAVORO SPA;MANFRONE  STEFANO
D000201446;BANCA NAZIONALE DEL LAVORO SPA;MANZARI MICHELE
D000201446;BANCA NAZIONALE DEL LAVORO SPA;TINI LORENZO
D000027127;BANCA PATRIMONI  SELLA & C. S.P.A.;DE MARCO VINCENZO
D000027104;BANCA PER IL TRENTINO ALTO ADIGE - BANK FUR TRENTINO - SUDTIROL CRED.COOP.;ZATELLI MICHELE
D000027000;BANCA POPOLARE DEL CASSINATE;MARANDOLA CARLOMARIA
D000132173;BANCA POPOLARE DEL FRUSINATE SOCIETA' COOPERATIVA PER AZIONI;D'AQUINO VITTORIO
D000051771;BANCA POPOLARE DEL LAZIO;GIALLATINI FABRIZIO
D000026962;BANCA POPOLARE DELL'ALTO ADIGE SOCIETA' PER AZIONI;Mair am Tinkhof Georg
D000026962;BANCA POPOLARE DELL'ALTO ADIGE SOCIETA' PER AZIONI;WIESER HANNES
D000197591;BANCA POPOLARE DELLE PROVINCIE MOLISANE;MOSIELLO LUIGI
D000026991;BANCA POPOLARE DI CORTONA SOC. COOP. P. AZIONI;CANGELONI RAFFAELE
D000026925;BANCA POPOLARE DI FONDI SOCIETA' COOPERATIVA;MALTEMPO ENRICO
D000027147;BANCA POPOLARE DI LAJATICO SCPA;CHELLINI CATIUSCIA
D000026939;BANCA POPOLARE DI PUGLIA E BASILICATA S.C.P.A.;MARVULLI VINCENZO
D000074212;BANCA POPOLARE DI SONDRIO SPA;MARTINELLI BARBARA
D000027203;BANCA POPOLARE ETICA;DOSI ALESSANDRO
D000056431;BANCA POPOLARE PUGLIESE;ARIGLIANO LUIGI
D000066202;BANCA PREALPI SANBIAGIO CREDITO COOPERATIVO - SOCIETA' COOPERATIVA PER AZIONI;OLIVA FRANCESCO
D000576641;BANCA PRIVATA LEASING SPA;CASTAGNI MATTEO
D000027183;BANCA PROFILO SPA;IZZO ROBERTO
D000092381;BANCA PROGETTO S.P.A.;FIORENTINO PAOLO
D000713957;BANCA REALE S.P.A.;PAONE MAURIZIO
D000057883;BANCA SAN FRANCESCO CREDITO COOPERATIVO CANICATTI';ALAIMO ALFONSO
D000027126;BANCA SELLA SPA;PLINI FRANCESCO
D000455616;BANCA SISTEMA SPA;FIORIO NICOLO' CARLO
D000455616;BANCA SISTEMA SPA;TRUPIA  ANDREA
D000737574;BANCA STABIESE SPA;DI RISO GENNARO
D000737574;BANCA STABIESE SPA;SANTORO FRANCESCO SAVERIO
D000027004;BANCA TERRITORI DEL MONVISO - CREDITO COOPERATIVO DI CASALGRASSO E SANT'ALBANO STURA S.C.;PANSA RICCARDO
D000027065;BANCA VALSABBINA S.C.P.A.;RICCHINI FEDERICO
D000071143;BANCA VERONESE CREDITO COOPERATIVO DI CONCAMARISE S.C.A.R.L.;BUOSO MIRKO
D000027013;BANCA VERSILIA LUNIGIANA GARFAGNANA- CREDITO COOPERTIVO SOCIETA' COOPERATIVA;MATTEONI PAOLO
D000495877;BANCA WIDIBA SPA;MARAZIA MARCO
D000563706;BANCO BPM SOCIETÀ PER AZIONI;DE ANGELIS DOMENICO
D000027031;BANCO DI CREDITO P. AZZOAGLIO S.P.A.;BELERIO SANDRO
D000190058;BANCO DI DESIO E DELLA BRIANZA SOCIETÃ€ PER AZIONI;GRANIERI ROSALBA
D000027162;BANCO DI LUCCA E DEL TIRRENO;PACIFICI ANDREA
D000026958;BANCO DI SARDEGNA S.P.A.;SPOTTI SARA
D000026958;BANCO DI SARDEGNA S.P.A.;ZANNINI LORENZO
D000553213;BANCO FIORENTINO - MUGELLO IMPRUNETA SIGNA - CREDITO COOPERATIVO - SOCIETA' COOPERATIVA;BRESCI GIANLUCA
D000553213;BANCO FIORENTINO - MUGELLO IMPRUNETA SIGNA - CREDITO COOPERATIVO - SOCIETA' COOPERATIVA;SOZZI CLAUDIO
D000055335;BANCO MARCHIGIANO CREDITO COOPERATIVO;DI BARI MASSIMO
D000193132;BCC BASILICATA - CREDITO COOPERATIVO DI LAURENZANA E COMUNI LUCANI - SOCIETA' COOPERATIVA;BONOMO FAZIO
D000054090;BCC CALABRIA NORD - CREDITO COOPERATIVO;CIRELLI SALVATORE
D000027179;BCC CARATE BRIANZA;TRADATI PAOLO
D000027128;BCC CASTIGLIONE MESSER RAIMONDO E PIANELLA SOC. COOP. A RESP. LIMITATA;DI GIORGIO BRUNO
D000364581;BCC CREDITO CONSUMO SPA;PASSONE AGNESE MARIA
D000078983;BCC DEL GARDA-BANCA DI CREDITO COOP COLLI MORENICI DEL GARDA SOC COOP;FASCILLA DOMENICO
D000511179;BCC DELLA CALABRIA ULTERIORE  -  SOC. COOP.;LOGOZZO ANTONELLA
D000027080;BCC DI ABRUZZI E MOLISE - SCARL;MASCIO LUIGI
D000070707;BCC FELSINEA - BANCA DI CREDITO COOPERATIVO DAL 1902 - SOCIETA' COOPERATIVA;BASSI ANDREA
D000027196;BCC G. TONIOLO E SAN MICHELE DI SAN CATALDO (CALTANISSETTA);CULICCHIA NICOLA
D000233765;BCC LEASING S.P.A.;PIERI FEDERICO
D000449829;BCC RENT&LEASE S.P.A.;CAMPANELLI ROBERTA
D000026977;BCC SAN GIOVANNI ROTONDO;DI BARTOLOMEO  EMILIO ANTONIO
D000027199;BCC TERRA D'OTRANTO;MELE TIZIANO
D000062125;BCC VENETA - CREDITO COOPERATIVO - SOCIETÀ COOPERATIVA;TURETTA ENRICO DAVIDE
D000062125;BCC VENETA - CREDITO COOPERATIVO - SOCIETÀ COOPERATIVA;VALLE MIRINO
D000027011;BDM BANCA SPA;SENAPE ANTONIO
D000060529;BENE BANCA CREDITO COOPERATIVO DI BENE VAGIENNA (CUNEO) SOCIETA' COOPERATIVA;BARRA SIMONE
D000496738;BLU BANCA SPA;GIALLATINI FABRIZIO
D000631593;BNL LEASING;SCHIAVO ANTONIO
D000200522;BNP PARIBAS LEASE GROUP SPA;DESGEANS PHILIPPE DENIS FRANCIS
D000200522;BNP PARIBAS LEASE GROUP SPA;PETTINELLI IACOPO
D000234270;BPCE EQUIPMENT FINANCE ITALIA S.P.A.;URQUIA GISELE
D000665002;BPCE EQUIPMENT SOLUTIONS ITALIA SPA;RINDI ANDREA
D000027105;BPER BANCA S.P.A.;SPOTTI SARA
D000027105;BPER BANCA S.P.A.;ZANNINI LORENZO
D000027116;BVR BANCA VENETO CENTRALE - CREDITO COOPERATIVO ITALIANO - SOCIETA' COOPERATIVA;MUTTA ALESSANDRO
D000164561;CA AUTO BANK S.P.A.;MAZZOTTI MARCELLO
D000743802;CAMBIANO LEASING S.P.A.;GAMBACCIANI MARCO
D000735221;CAP.ITAL.FIN S.P.A.;GALBIATI ANDREA
D000080809;CASSA CENTRALE BANCA  CREDITO COOPERATIVO ITALIANO S.P.A.;RUZZIER EMANUELE
D000027113;CASSA CENTRALE RAIFFEISEN DELL'ALTO ADIGE SPA;STEGER GERLINDE
D000027120;CASSA DI RISPARMIO DI ASTI S.P.A.;CARBONE FABRIZIO
D000027120;CASSA DI RISPARMIO DI ASTI S.P.A.;VAI ALESSANDRO
D000132022;CASSA DI RISPARMIO DI BOLZANO SPA;RAFFEINER MARKUS
D000026972;CASSA DI RISPARMIO DI FERMO SPA;SPORTILLO CARLO
D000051279;CASSA DI RISPARMIO DI FOSSANO SPA;QUAGLIA BRUNO
D000027063;CASSA DI RISPARMIO DI ORVIETO S.P.A.;ROSELLI PAOLO
D000026969;CASSA DI RISPARMIO DI VOLTERRA S.P.A.;FOCA ELENA
D000232722;CASSA LOMBARDA SPA;BIOLZI ALBERTO
D000027180;CASSA PADANA B.C.C. SOC. COOP.;VALDAMERI ALBERTO
D000070708;CASSA RAIFFEISEN ALTA PUSTERIA SOC.COOP.;Feichter Wilhelm
D000027048;CASSA RAIFFEISEN ALTA VENOSTA;MORIGGL MARKUS WALTER
D000051310;CASSA RAIFFEISEN BASSA ATESINA SOC. COOP.;RIALTO IVAN
D000074546;CASSA RAIFFEISEN BASSA VALL'ISARCO SOC.COOP.;Schrott Karl
D000056493;CASSA RAIFFEISEN BASSA VENOSTA SOCIETÁ COOPERATIVA;LADURNER BIRGIT
D000027030;CASSA RAIFFEISEN CAMPO DI TRENS SOCIETÁ COOPERATIVA;BACHER MICHAEL
D000053849;CASSA RAIFFEISEN CASTELROTTO - ORTISEI SOCIETA' COOPERATIVA (RAIFFEISENKASSE KASTELRUTH - ST.ULRICH GENOSSENSCHAFT);RIFESSER DAVID
D000027106;CASSA RAIFFEISEN DELLA VAL PASSIRIA SOCIETA' COOPERATIVA;GOETSCH FILIP
D000079527;CASSA RAIFFEISEN DELLA VALLE ISARCO SOC. COOP.;MAIR CHRISTOF
D000079527;CASSA RAIFFEISEN DELLA VALLE ISARCO SOC. COOP.;TRAINO LISELOTTE
D000027040;CASSA RAIFFEISEN DI BRUNICO SOC.COOP.;SILGINER MICHAEL 
D000079699;CASSA RAIFFEISEN DI DOBBIACO SOC. COOP.;KLETTENHAMMER PATRICK
D000121707;CASSA RAIFFEISEN DI FUNES SOC. COOP.;ASTNER VALENTIN
D000027019;CASSA RAIFFEISEN DI LAGUNDO SOC. COOP.;Fiori Luciano
D000027092;CASSA RAIFFEISEN DI LASA SOCIETÁ COOPERATIVA;LADURNER PHILIPP
D000027130;CASSA RAIFFEISEN DI MARLENGO SOC. COOP.;LADURNER ANDREAS
D000026938;CASSA RAIFFEISEN DI NOVA PONENTE-ALDINO SOC.COOP.;NIEDERMAIR ERICH
D000026967;CASSA RAIFFEISEN DI PARCINES SOCIETA' COOPERATIVA;Ladurner Christoph
D000026967;CASSA RAIFFEISEN DI PARCINES SOCIETA' COOPERATIVA;RUNGG ARMIN
D000027119;CASSA RAIFFEISEN DI SCENA SOCIETA' COOPERATIVA;SCHWEITZER ULRICH
D000026926;CASSA RAIFFEISEN DI TESIMO SOCIETA¿ COOPERATIVA;THANAI ANDREAS
D000056238;CASSA RAIFFEISEN DI VILLABASSA SOC.COOP.;STIFTER HANS-PETER
D000027082;CASSA RAIFFEISEN ETSCHTAL SOCIETA' COOPERATIVA;HUBER SUSANNE CHRISTINE
D000074714;CASSA RAIFFEISEN GHERDENIA SOZ. COOP. RAIFFENKASSE GROEDEN GENOSSENSCHAFT CASSA RAIFFEISEN VAL GARDENA SOCIETA' COOPERATIVA;SENONER FLAVIO
D000055489;CASSA RAIFFEISEN LACES SOCIETA' COOPERATIVA;RINNER GERHARD
D000055489;CASSA RAIFFEISEN LACES SOCIETA' COOPERATIVA;STECHER HANNES
D000051233;CASSA RAIFFEISEN LANA SOCIETA' COOPERATIVA;MASONER DANIEL
D000051530;CASSA RAIFFEISEN MERANO SOC. COOP.;GRUBER MARKUS
D000051530;CASSA RAIFFEISEN MERANO SOC. COOP.;STAMPFL ULRIKE
D000090400;CASSA RAIFFEISEN MONGUELFO - CASIES - TESIDO SOC. COOP.;FEICHTER CHRISTOPH
D000027111;CASSA RAIFFEISEN OLTRADIGE SOC.COOP.;FROETSCHER ANDREAS
D000027111;CASSA RAIFFEISEN OLTRADIGE SOC.COOP.;PEER SANDRA
D000074473;CASSA RAIFFEISEN PRATO-TUBRE SOC.COOP.;CHRISTANDL  BARBARA
D000080024;CASSA RAIFFEISEN SCHLERN - ROSENGARTEN;Krechel Martina Rosa
D000027020;CASSA RAIFFEISEN SILANDRO SOC.COOP.;SCHWIENBACHER ANITA
D000074771;CASSA RAIFFEISEN TIROLO SOC.COOP.;SCHWEIGL JOHANNES
D000027018;CASSA RAIFFEISEN TURES-AURINA SOC. COOP.;KUENIG SIEGFRIED
D000136949;CASSA RAIFFEISEN ULTIMO-S.PANCRAZIO-LAUREGNO SOC.COOP.;SCHWIENBACHER GUENTHER
D000051125;CASSA RAIFFEISEN VAL BADIA SOC. COOP;PLONER IVO
D000071194;CASSA RAIFFEISEN VAL SARENTINO SOC.COOP.;Hofer Andreas
D000091371;CASSA RAIFFEISEN VANDOIES SOC.COOP.;NEUMAIR HARALD
D000027059;CASSA RAIFFEISEN WIPPTAL SOCIETA` COOPERATIVA;THALER LARISSA
D000081590;CASSA RURALE ALTA VALSUGANA BANCA DI CREDITO COOPERATIVO - SOCIETA' COOPERATIVO;SCARPA LAURA
D000051067;CASSA RURALE ALTOGARDA - ROVERETO - BANCA DI CREDITO COOPERATIVO SOCIETA' COOPERATIVA;BERETTA IVAN
D000051067;CASSA RURALE ALTOGARDA - ROVERETO - BANCA DI CREDITO COOPERATIVO SOCIETA' COOPERATIVA;BRIDAROLLI MASSIMO
D000688360;CASSA RURALE DI BOLZANO SOCIETA' COOPERATIVA;FRENNER ALEXANDER
D000051830;CASSA RURALE DI LEDRO BCC;ROSA GIANLUCA
D000027090;CASSA RURALE DI SALORNO SOCIETA' COOPERATIVA;GALLMETZER MARTIN
D000027090;CASSA RURALE DI SALORNO SOCIETA' COOPERATIVA;MICHEL GEORG
D000026974;CASSA RURALE ED ARTIGIANA DI BINASCO - CREDITO COOPERATIVO SOC.COOP.;BRAMBILLA ROBERTO
D000026974;CASSA RURALE ED ARTIGIANA DI BINASCO - CREDITO COOPERATIVO SOC.COOP.;CARIMALI MARCO ENRICO
D000027066;CASSA RURALE ED ARTIGIANA DI BORGO SAN GIACOMO (BRESCIA) - CREDITO COOPERATIVO - SOCIETA' COOPERATIVA;BETTELLI LUCA
D000079987;CASSA RURALE ED ARTIGIANA DI BOVES BANCA DI CREDITO COOPERATIVO;FRANCHINO MAURIZIO
D000027067;CASSA RURALE ED ARTIGIANA DI CANTU' BANCA DI CREDITO COOPERATIVO SOC. COOP.;OSTINELLI ENRICO
D000026961;CASSA RURALE ED ARTIGIANA DI CASTELLANA GROTTE - CREDITO COOPERATIVO - S.C.;FARES FRANCESCO
D000027098;CASSA RURALE ED ARTIGIANA DI RIVAROLO MANTOVANO (MANTOVA) CREDITO COOPERATIVO;BUTTARELLI ROBERTO
D000026928;CASSA RURALE RENON SOC.COOP.;LANG GERTRAUD
D000026928;CASSA RURALE RENON SOC.COOP.;Pircher  Matthias
D000055711;CASSA RURALE VAL DI FIEMME BCC;LARENTIS CHRISTIAN
D000027089;CASSA RURALE VAL DI NON - ROTALIANA E GIOVO;BACCA DANIELE
D000027089;CASSA RURALE VAL DI NON - ROTALIANA E GIOVO;PURIN CLAUDIO
D000074896;CASSA RURALE VAL DI SOLE;DEZULIAN RENZO
D000074161;CASSA RURALE VALLAGARINA BCC SC;FRACCHETTI ANDREA
D000027102;CASSA RURALE VALSUGANA E TESINO BCC - SOCIETA' COOPERATIVA;Ballin Luca
D000027200;CASTAGNETO BANCA 1910 - CREDITO COOPERATIVO - SOCIETA' COOPERATIVA;BARBIERI ERIKA
D000245502;CENTRO FINANZIAMENTI SPA;PACELLA CLAUDIO GIANANTONIO
D000070667;CENTROMARCA BANCA CREDITO COOPERATIVO DI TREVISO E VENEZIA;RISATO MARIKA
D000503618;CHERRY BANK S.P.A.;GALILEO VINCENZO
D000350191;CHIANTIBANCA CREDITO COOPERATIVO SOC. COOP.;GALIBERTI LUCA
D000234705;CLARIS LEASING S.P.A.;BINI MICHELE
D000203141;COMPASS BANCA SPA;Pace  Luigi
D000146463;CONSULTINVEST INVESTIMENTI SIM S.P.A.;LOIZZI Domenico
D000080945;COPERNICO SIM SPA;DEVESCOVI PAOLO
D000080945;COPERNICO SIM SPA;SCELZO GIANLUCA
D000627190;CORPORATE FAMILY OFFICE SIM S.P.A.;CARACENI ANDREA
D000090347;CORTINABANCA - CREDITO COOPERATIVO - SOCIETÀ COOPERATIVA;POMPANIN PAOLA
D000027226;CRED.COOP. CASSA RURALE ED ARTIGIANA DEL FRIULI VENEZIA GIULIA SOC. COOP.;CIANI FABRIZIO
D000060308;CREDEM EUROMOBILIARE PRIVATE BANKING;MELOTTI MICHELE
D000258462;CREDEMLEASING;CENACCHI ROBERTO
D000027023;CREDIT AGRICOLE ITALIA S.P.A.;BRIATA MARCO
D000027023;CREDIT AGRICOLE ITALIA S.P.A.;CASOLARI FILIPPO
D000320132;CREDIT AGRICOLE LEASING ITALIA S.R.L.  (CALIT S.R.L.);TRIPUZZI MASSIMO
D000242552;CREDITIS SERVIZI FINANZIARI SPA;DEVOTO FABIO
D000026994;CREDITO COOPERATIVO C.R.A. DI PALIANO;PRATINI ALESSANDRO
D000503621;CREDITO COOPERATIVO CASSA RURALE ED ARTIGIANA DI ERCHIE SOCIETA' COOPERATIVA;ROSATO GIOVANNA
D000552871;CREDITO COOPERATIVO DI CARAVAGGIO ADDA E CREMASCO - CASSA RURALE SOCIETA' COOPERATIVA;BRAMBILLA LUIGI
D000078992;CREDITO COOPERATIVO FRIULI S.C.;BALCONI LEONARDO
D000078992;CREDITO COOPERATIVO FRIULI S.C.;CECOTTO MASSIMILIANO
D000057837;CREDITO COOPERATIVO MEDIOCRATI SCARL;BETTOLINO LUIGI
D000026965;CREDITO COOPERATIVO RAVENNATE, FORLIVESE E IMOLESE SOC. COOP.;SECCI MARCO
D000539395;CREDITO COOPERATIVO ROMAGNOLO - BCC DI CESENA E GATTEO SOC. COOP.;BERLATI FIAMMETTA
D000052471;CREDITO COOPERATIVO VALDARNO FIORENTINO BANCA DI CASCIA S. C.;MASINI RICCARDO
D000059474;CREDITO EMILIANO SPA;ARDUINI MASSIMO
D000059474;CREDITO EMILIANO SPA;BIUSO CORRADO
D000496898;CREDITO LOMBARDO VENETO SPA;BETTELLI MARCO
D000027017;CREDITO PADANO BANCA DI CREDITO COOPERATIVO - SOCIETA' COOPERATIVA;CROTTI MARCO
D000705920;DAIMLER TRUCK FINANCIAL SERVICES ITALIA SPA;CICCOTTI SIMONE
D000027178;DEUTSCHE BANK SOCIETA' PER AZIONI;COLOMBO MARCO
D000027178;DEUTSCHE BANK SOCIETA' PER AZIONI;DESSÌ ONORATO MASSIMO
D000027178;DEUTSCHE BANK SOCIETA' PER AZIONI;DETTI CLAUDIO
D000027178;DEUTSCHE BANK SOCIETA' PER AZIONI;VIGORITA FRANCESCO
D000283589;EMIL BANCA CREDITO COOPERATIVO SOCIETA' COOPERATIVA;GALLERANI RAFFAELLA
D000614965;ERSEL SPA;TADDEI  FEDERICO PAOLO
D000722640;EUROMOBILIARE ADVISORY SIM;GUAITA STEFANO
D000334536;EXTRABANCA SPA;LOTTI MASSIMILIANO
D000060672;FIDEURAM - INTESA SAN PAOLO PRIVATE BANKING SPA;Cubelli Fabio
D000026922;FIDITALIA S.P.A.;Taverna Andrea
D000197857;FINANCIT SPA;TORRESI GIORGIO
D000598391;FINCONTINUO S.P.A.;ARENA LIBERANTE
D000200406;FINDOMESTIC BANCA SPA;TILLI CLAUDIO
D000159524;FINECOBANK - BANCA FINECO SPA;ALBANESE MAURO
D000026929;FININT PRIVATE BANK S.P.A.;CALZA MASSIMILIANO
D000027149;FINITALIA SPA;Terribile Antonella
D000679394;FORD CREDIT ITALIA S.P.A.;ARMAO ROBERTO
D000055875;FPB CASSA DI FASSA PRIMIERO BELLUNO - BANCA DI CREDITO COOPERATIVO - SOCIETÀ COOPERATIVA;FAORO MARTINA
D000249402;FRAER LEASING SPA;URQUIA GISELE
D000751311;FUCINO FINANCE S.P.A.;PETTI MAURIZIO
D000205521;IBL ISTITUTO BANCARIO DEL LAVORO S.P.A.;GARGIULO VITTORIO
D000546007;INNOVAZIONE FINANZIARIA SIM SPA;LARUCCIA GIULIANO LORENZO
D000027148;INTESA SANPAOLO PRIVATE BANKING SPA;FIORINI CRISTIANA
D000027210;INTESA SANPAOLO SPA;BALBO CRISTINA
D000027210;INTESA SANPAOLO SPA;BALDERACCHI FABIO
D000027210;INTESA SANPAOLO SPA;CAPPELLARI STEFANO
D000027210;INTESA SANPAOLO SPA;CATTOZZI MASSIMILIANO
D000027210;INTESA SANPAOLO SPA;CIPICCIA CRISTINA
D000027210;INTESA SANPAOLO SPA;FLORIO ALESSANDRA
D000027210;INTESA SANPAOLO SPA;GABRIELLI ROBERTO
D000027210;INTESA SANPAOLO SPA;LECCE ANDREA
D000027210;INTESA SANPAOLO SPA;LECCI PAOLA
D000027210;INTESA SANPAOLO SPA;MODENESE ALESSANDRA
D000027210;INTESA SANPAOLO SPA;MONCERI PIERLUIGI
D000027210;INTESA SANPAOLO SPA;NARGI GIUSEPPE MARIO
D000027210;INTESA SANPAOLO SPA;NOCENTINI TITO
D000027210;INTESA SANPAOLO SPA;PASTORE DANIELE FULVIO
D000027210;INTESA SANPAOLO SPA;PERUSIN ANDREA
D000709764;IREN MERCATO SPA;TOGNARELLI FRANCESCA
D000743046;ISYBANK S.P.A.;VALITUTTI ANTONIO
D000027186;LA CASSA DI RAVENNA SPA;RAMILLI MATTEO
D000172703;LA CASSA RURALE - C.C. ADAMELLO GIUDICARIE VALSABBIA PAGANELLA;PERNISI MICHELE
D000203096;MEDIOBANCA PREMIER SPA;PATTI FABRIZIO MICHELE
D000579754;MEDIOBANCA S.P.A.;DELIA RUSSELL THEO PIETRO
D000199885;MERCEDES-BENZ FINANCIAL SERVICES ITALIA S.P.A.;SECONDINI LUCA 
D000671263;ONEOSIX S.P.A;ROMANELLO ALESSANDRO
D000583479;PERMICRO S.P.A.;MANCA MAURO
D000203047;PORSCHE FINANCIAL SERVICES ITALIA SPA;PRIVITERA ALESSANDRO
D000055289;POSTE ITALIANE SPA - DIVISIONE SERVIZI DI BANCOPOSTA;GIAGHEDDU ANNA RITA
D000055289;POSTE ITALIANE SPA - DIVISIONE SERVIZI DI BANCOPOSTA;GIANGIULIO  CARMINE
D000055289;POSTE ITALIANE SPA - DIVISIONE SERVIZI DI BANCOPOSTA;VICINANZA GIOVANNI
D000606348;PRESTIAMOCI S.P.A.;TONNI ROBERTO
D000650943;PRESTIPAY S.P.A.;STELLA ALBERTO
D000027109;PRIMACASSA - CREDITO COOPERATIVO FVG - SOCIETA' COOPERATIVA;PILUTTI LUCA
D000722362;REVERSAL SIM S.P.A.;SANGUINETTO ANDREA
D000538938;RIVIERABANCA CREDITO COOPERATIVO DI RIMINI E GRADARA S.C.;DISAURO FABRIZIO
D000563709;ROMAGNABANCA CREDITO COOPERATIVO SC;NORI ROBERTO
D000027131;SANFELICE 1893 BANCA POPOLARE SOC.COOP.P.A;MAZZOLI FEDERICO
D000200005;SANTANDER CONSUMER BANK SPA;GARIGLIO PAOLO
D000242355;SARDALEASING S.P.A.;ORLANDINI GRAZIA
D000242355;SARDALEASING S.P.A.;ZANNINI LORENZO
D000200668;SELLA LEASING S.P.A.;MIGLIETTI ROBERTO
D000200298;SELLA PERSONAL CREDIT S.P.A.;CRAVERO STEFANO
D000242559;SELMABIPIEMME LEASING SPA;MONTICELLI SIMONE
D000027170;SICILBANCA - CREDITO COOPERATIVO ITALIANO;GOVERNALI SALVATORE
D000201535;SIGLA SRL;DI CERBO GAETANO
D000201535;SIGLA SRL;TACCHIN ALBERTO
D000026923;SOLUTION BANK S.P.A.;BIFFI MARCO
D000416928;SOLUTIONS CAPITAL MANAGEMENT SIM SPA;SANNA ANTONELLO LUIGI
D000751954;SPEFIN FINANZIARIA SPA;MAURO MARTINA
D000533343;STELLANTIS FINANCIAL SERVICES ITALIA S.P.A.;BUONAROTA MAURO SAVINO ANGELO
D000757620;SUEDTIROL BANK SPA;LATO CHRISTIAN
D000561350;TERRE ETRUSCHE DI VALDICHIANA E DI MAREMMA - CRED. COOP. SOC. COOP.;CARIATI ANTONIO
D000675247;TIMFIN S.P.A.;CAMATEL MIRKO
D000623942;TOYOTA FINANCIAL SERVICES ITALIA;MONTONERI FEDERICA
D000229517;TRATON FINANCIAL SERVICES ITALY SPA;PREVIDI FABRIZIO
D000229517;TRATON FINANCIAL SERVICES ITALY SPA;RAINONE GIOVANNI
D000199761;UNICREDIT LEASING S.P.A.;DAMIAN ALESSANDRO
D000350184;UNICREDIT SPA;PAVIA LAURA MARIA
D000085470;VALORI & FINANZA INVESTIMENTI SIM SPA;D'INCA' RANIERO
D000051268;VALPOLICELLA BENACO BANCA CREDITO COOPERATIVO (VERONA) SOCIETA' COOPERATIVA;SAVOIA DENIS
D000203072;VFS SERVIZI FINANZIARI SPA;CARAFFINI TOMMASO FILIPPO
D000229526;VIVIBANCA S.P.A.;DOMINICI ANTONIO ASCENZO
D000659954;VONTOBEL WEALTH MANAGEMENT SIM SPA;PICOZZI ALBERTO
D000080275;ZKB ZADR.KRASKA BANKA TRST GORICA - ZKB CRED.COOP. DI TRIESTE E GORIZIA;KRAVOS CRISTINA
D000714728;ZURICH ITALY BANK S.P.A.;RUGGIU SILVIO
D000070608;banca di imola spa;MASETTI SEBASTIANO
D000197839;fides spa;GRANIERI ROSALBA
D000196901;italcredi spa;FURLOTTI ARNALDO
D000628844;prexta;RONZINO SALVATORE
